scaffold,cid
O=C(NCc1cc2ccccc2[nH]1)c1cc(=O)n2ccccc2n1,[156461678]
C(#Cc1cnc2cc(CCC3CCC(n4ccc5cncnc54)C3)ccc2c1)c1ccccc1,[166628590]
C1=C(c2cn(C3CCC(COc4ccc5cccnc5c4)O3)c3ncncc23)CNC1,[166629977]
c1cnc2cc(OCC3CCC(n4cc(-c5cc[nH]n5)c5cncnc54)O3)ccc2c1,"[156327795, 164570055, 156327087, 156326985, 156326955, 156327130, 156327095, 156327136, 156327792, 156326993, 156326992]"
c1ncc2c(-c3cc[nH]n3)cn(C3CCC(CCC4CCNCC4)O3)c2n1,[166636528]
c1cnc2cc(CCc3cncc(-n4ccc5cncnc54)c3)ccc2c1,"[166039026, 156304027, 156303953, 166039032, 156304098]"
O=C(NCc1ccc2cc(CNCc3cn4ccccc4n3)[nH]c2c1)c1cc(=O)n2ccccc2n1,[156461944]
c1ncc2c(-c3cc[nH]n3)cn(-c3cncc(COc4ccc(CN5CCCCC5)cc4)c3)c2n1,[156304053]
c1cnc2cc(COc3cncc(-n4ccc5cncnc54)c3)ccc2c1,[156296245]
c1cnc2cc(OCc3cncc(-n4cc(C5CCNCC5)c5cncnc54)c3)ccc2c1,[156303966]
C(=CC1CCC(n2ccc3cncnc32)O1)C1CCC1,[163239225]
c1cnc2cc(OCC3CCC(n4cc(C5CCNC5)c5cncnc54)O3)ccc2c1,[156327027]
c1cc(-c2cn(Cc3ccc4cc(CN5CC6(CCC6)C5)[nH]c4c3)nn2)c2cn[nH]c2c1,[166060828]
O=C(NCc1cn2cc(CNCC3CCCCC3)ccc2n1)c1cc(=O)[nH]cn1,[163239057]
c1cnn(-c2cn(C3CCC(COc4ccc5ccc(N6CCC6)nc5c4)O3)c3ncncc23)c1,"[156327033, 156730085, 156326975, 156327158, 156730065, 156326946, 156327035]"
O=C(NCC1CCCN(c2ccncn2)C1)c1ccc(CN2CCCCC2)cc1,[166628594]
c1ncc2ccn(C3CCC(CCc4ccc5ccc(N6CCCC6)nc5c4)C3)c2n1,[166627277]
c1cc(NCC2CC2)c2ccc(OCc3cncc(-n4cc(-c5cc[nH]n5)c5cncnc54)c3)cc2n1,[156304016]
c1cnc2cc(OCc3cncc(-n4cc(-c5cc[nH]n5)c5cncnc54)c3)cnc2c1,[156304012]
c1ncc2c(-c3cocn3)cn(-c3cncc(COc4ccc5ccc(N6CCC6)nc5c4)c3)c2n1,[156304170]
c1ncc2ccn(C3CCC(COc4ccc5cnc(NC6CCC6)nc5c4)O3)c2n1,[166632702]
c1cc(-c2cn(Cc3cc4[nH]c(CN5CCC6(CCC6)C5)cc4cn3)nn2)c2cncn2c1,[156461822]
c1cc(-c2cn(Cc3cn4cc(CNCC5CCC5)ccc4n3)nn2)n2cncc2c1,[163239173]
O=S(=O)(Cc1cncc(-n2cc(-c3cc[nH]n3)c3cncnc32)c1)c1ccc2ccc(N3CCC3)nc2c1,[156296268]
c1cc2cc(CCC3CCC(n4ccc5cncnc54)C3)ccc2cn1,[156327806]
c1ncc2ccc(CCC3CCC(n4ccc5cncnc54)C3)cc2n1,[166626323]
C(=CC1CCC(n2ccc3cncnc32)O1)C1CNC1,[163239257]
c1ncc2c(-c3cc[nH]n3)cn(C3CCC(COc4ccc5scnc5c4)O3)c2n1,[166625996]
c1ncc2ccn(-c3cncc(COc4ccc5ccc(N6CCC6)nc5c4)c3)c2n1,"[156304085, 156304175, 156304171, 156304029, 166039040, 166636088]"
O=C1CN(c2ccc(CN3CCCCC3)nc2)CC2(CCN(c3cc(NCc4ccccc4)ncn3)CC2)N1,[156587341]
c1cncc(-c2cn(C3CCC(COc4ccc5cccnc5c4)O3)c3ncncc23)c1,[156327011]
c1ccc2c(-c3cn(Cc4cn5cc(CN(CC6CCC6)CC6CCC6)ccc5n4)nn3)cncc2c1,[163239170]
c1cc(-c2cn(Cc3cn4cc(CNCC5CCC5)ccc4n3)nn2)c2nncn2c1,[163239105]
c1cc(COc2ccc3cccnc3c2)cc(-n2cc(C3CC3)c3cncnc32)c1,[156304133]
c1cnc2cc(CCC3CCC(n4cc(-c5cc[nH]n5)c5cncnc54)O3)sc2c1,[156326961]
c1ncc2ccn(C3CCC(c4ccc5[nH]c(CNCC67CC(C6)C7)cc5c4)C3)c2n1,[163239244]
O=C(NC1CCN(c2cc(NCc3ccccc3)ncn2)CC1)c1ccc(CN2CCCCC2)nc1,[166132574]
c1cc(NCc2ccc3cccnc3c2)cc(-n2ccc3cncnc32)c1,"[156303957, 166039024]"
c1cc2cc(CNCC3CCC3)[nH]c2cc1Cc1cn(C2CCCC3NNCC32)nn1,"[168489999, 168490000]"
c1cc(CCCN2CCOCC2)c2ccc(OCc3cncc(-n4ccc5cncnc54)c3)cc2n1,[156304116]
c1ncc2ccn(C3CCC(c4ccc(CNCC5CCC5)cc4)C3)c2n1,[163239293]
c1ccc(CNc2cc(N3CCC(CNc4ccc(CN5CCCCC5)nc4)CC3)ncn2)cc1,[156587339]
O=C(NCc1ccc2cc(CNCC3CC4C=CC3O4)[nH]c2c1)c1cc(=O)n2ccccc2n1,"[156461943, 156461960]"
c1cc(COc2ccc3cccnc3c2)cc(-c2c[nH]c3cncnc23)c1,"[166039017, 166039008]"
O=C(NC1CCOCC1)c1ccccc1OCc1cncc(-n2cc(-c3cc[nH]n3)c3cncnc32)c1,[156304083]
c1ncc2c(-c3cc[nH]n3)cn(C3CCC(COc4ccc5cnc(NC6C7CC6C7)nc5c4)O3)c2n1,[166626134]
c1ncc2ccn(C3CCC(c4ccc(CN5CCC6(CCC6)C5)cc4)C3)c2n1,[163239289]
O=C(NCc1ccc2cc(CNC3CCCC3)[nH]c2c1)c1cc(=O)n2ccccc2n1,"[156442362, 156461784, 156461963, 156461832, 156461833, 156461831]"
c1ncc2c(-c3cc[nH]n3)cn(C3CCC(COc4ccc5ccc(N6CCC6)nc5c4)O3)c2n1,"[156326965, 156327142, 166629752, 156326957, 156326983]"
O=C(c1ncc2ccc(OCC3CCC(n4cc(-c5cc[nH]n5)c5cncnc54)O3)cc2n1)N1CCC1,[166629369]
O=C(NCc1cc2[nH]c(CNCC3CCC3)cc2cn1)c1cc(=O)n2ccccc2n1,[156461758]
c1cc(NC2CC2)c2ccc(OCC3CCC(n4ccc5cncnc54)O3)cc2n1,[164570054]
O=C(NCc1ccc2cc[nH]c2c1)c1cc(=O)n2ccccc2n1,"[156461783, 156748886, 156461968, 156442188, 156442376, 156461814, 156461622, 156442198, 156461942, 156461671]"
c1cncc(-c2cn(Cc3cn4cc(CNCC5CCC5)ccc4n3)nn2)c1,[163239149]
c1cc(-c2noc(Cc3ccc4cc(CNCC5CCC5)[nH]c4c3)n2)c2cn[nH]c2c1,[156461683]
c1ncc2c(-c3cc[nH]n3)cn(-c3cncc(COc4ccc5ccc(N6CCCCC6)nc5c4)c3)c2n1,[156304050]
C(=CC1CCC(n2ccc3cncnc32)O1)CCCNCC1CCC1,"[171400787, 171400798]"
c1ncc2ccn(C3CCC(COc4ccc5nc[nH]c5c4)O3)c2n1,[166632426]
c1cnc2cc(OCC3CCC(n4cc(C5CCCC5)c5cncnc54)C3)ccc2c1,[156327103]
O=C(NCc1cn2cc(CNCC3CCC3)ccc2n1)c1cccc2cncn12,[163239192]
c1ncc2ccn(-c3cncc(COc4ccc5ccc(NCC6CC6)nc5c4)c3)c2n1,[156304102]
c1cnc2cc(OCC3CCC(n4ccc5cncnc54)C3)ccc2c1,"[166626092, 156327024, 156327133]"
c1cnc2cc(OCc3nnc(-n4ccc5cncnc54)s3)ccc2c1,[156303968]
c1ccn2cc(Cn3cc(-c4cnc5[nH]ccc5c4)nn3)nc2c1,[163239176]
O=C(NCc1ccc2cc(CNC34CC5CC(CC(C5)C3)C4)[nH]c2c1)c1cc(=O)n2ccccc2n1,[156461941]
c1ncc2ccn(C3CCC(c4ccc(CCNCC56CC(C5)C6)cc4)C3)c2n1,[171400793]
O=C(NCc1cn2cc(CNCC3CCCCC3)ccc2n1)c1cnc2ccccc2c1,[155167464]
O=C1CN(c2ccc(CN3CCCCC3)cc2)CC2(CCN(c3ccnc4[nH]ccc34)CC2)N1,[166630951]
c1ccc(CCNc2ncnc3c2ccn3C2CCC(CCc3ccc4cccnc4c3)C2)cc1,[166631640]
c1cnc2nc(CCC3CCC(n4ccc5cncnc54)C3)ccc2c1,[166635306]
c1cnn(-c2cn(C3CCC(CCc4ccc5ccc(N6CCC6)nc5c4)C3)c3ncncc23)c1,[164570048]
c1ncc2ccn(C3CCC(COc4ccc5ccc(NC6CC6)nc5c4)O3)c2n1,[166633589]
c1cnc2cc(OCC3CCC(n4cc(CC5CC5)c5cncnc54)O3)ccc2c1,"[156327073, 166636129, 156327126]"
c1ncc2ccc(OCc3cncc(-n4ccc5cncnc54)c3)cc2n1,"[156304008, 166633930]"
O=C(NCc1ccc2cc(CNCC3CCC3)[nH]c2c1)c1cc(=O)n2ccccc2n1,"[156442379, 156442205, 156442226, 156442358, 156461649, 156461648, 156461647, 156461782, 156461952, 156442214, 156461945, 156461854, 156748930]"
c1ncc2ccn(C3CCC(COc4ccc5ccc(N6CCCC6)nc5c4)O3)c2n1,"[166631878, 156327743]"
c1ncc2c(-c3cc[nH]n3)cn(C3CCC(COc4ccc5ccc(NC6CC6)nc5c4)O3)c2n1,[156730054]
c1cnc2cc(CCC3CCC(n4cc(C5CCCC5)c5cncnc54)O3)ccc2c1,[156327010]
C(=CCNCc1ccccc1)CCC1CCC(n2ccc3cncnc32)O1,[163239272]
c1ccc(-c2cn(C3CCC(COc4ccc5cccnc5c4)O3)c3ncncc23)nc1,"[156326989, 156327129, 156327047]"
c1cnc2cc(OCc3cncc(-n4cc(C5CCCC5)c5cncnc54)n3)ccc2c1,[166039007]
c1cnc2cc(CCC3CCC(n4ccc5cncnc54)C3)ccc2c1,"[126638557, 156296083, 156327102, 166626272, 156326948, 156327813, 166630917, 156327039, 156326980, 156327104, 126637904, 146602935, 126637519, 166634948]"
c1ccc(-c2cn(-c3cncc(COc4ccc5ccc(N6CCC6)nc5c4)c3)c3ncncc23)cc1,[166636481]
c1ncc2ccn(-c3nnc(COc4ccc5ccc(N6CCCC6)nc5c4)s3)c2n1,[156303934]
O=C(NCc1cn2cc(CNCC3CCCCC3)ccc2n1)c1cc(=O)n2ccccc2n1,[155167581]
c1ccc(CCCCCNCCNc2ccnc3cc(OCc4cncc(-n5ccc6cncnc65)c4)ccc23)cc1,[156304105]
c1cc(-c2cn(Cc3ccc4cc(CNCC5CCC5)[nH]c4c3)nn2)c2cn[nH]c2c1,"[156461753, 156461641]"
c1cnc2cc(OCC3CCC(n4cc(-c5ccn[nH]5)c5cncnc54)O3)ccc2c1,"[166632588, 156327050]"
c1ncc2[nH]cc(-c3cncc(COc4ccc5ccc(N6CCC6)nc5c4)c3)c2n1,[156304062]
O=C(NCc1ccc2cc(C3CCCCN3)[nH]c2c1)c1cc(=O)n2ccccc2n1,[156461690]
c1cc(N2CCNCC2)c2ccc(OCc3cncc(-n4cc(-c5cc[nH]n5)c5cncnc54)c3)cc2n1,[156304015]
O=C(NCc1cc2ccccn2c1)c1cc(=O)n2ccccc2n1,[156442165]
c1cnc2cc(OCc3cncc(-n4cc(C5CCCO5)c5cncnc54)n3)ccc2c1,[156304038]
O=C(NCc1cn2cc(CNCC3CCC3)ccc2n1)c1ccc2[nH]ccc2c1,[163239096]
c1cnc2cc(OCC3CCC(n4cnc5cncnc54)O3)ccc2c1,[166626520]
c1cc(-c2cn(Cc3cn4cc(CN5CC6(CCC6)C5)ccc4n3)nn2)c2cncn2c1,"[163239161, 163239135]"
c1cncc(CCC2CCC(n3ccc4cncnc43)C2)c1,[139449595]
c1ncc2ccn(C3CCC(c4ccc5cc(CN6CCC7(CCC7)C6)[nH]c5c4)C3)c2n1,"[163239206, 163239235]"
c1cc(NC2CC2)c2ccc(OCc3cncc(-n4cc(C5CCCO5)c5cncnc54)c3)cc2n1,[156304123]
c1cnc2cc(OCc3cncc(-c4cn(C5CCCC5)c5cncnc45)c3)ccc2c1,[156304076]
c1ncc2ccn(C3CCC(CCc4ccc5ccc(N6CCC6)nc5c4)O3)c2n1,[156327153]
O=C(NCc1cn2cc(CNCC3CCC3)ccc2n1)c1cnc2nc[nH]c2c1,[163239157]
c1cc2cc(-c3cn(Cc4ccc5cc(CNCC6CCC6)[nH]c5c4)cn3)cnc2[nH]1,[156442163]
c1cnn(-c2cn(C3CCC(COc4ccc5ccc(NC6CCC6)nc5c4)C3)c3ncncc23)c1,[166627847]
c1ncc2ccn(C3CCCO3)c2n1,"[171400800, 171400804]"
c1cnc2cc(OCC3CCC(n4cc(-c5cc[nH]n5)c5cncnc54)O3)cnc2c1,[164570051]
c1cc(-c2cn(Cc3cnc4cc(CNCC5CCC5)[nH]c4c3)nn2)c2cn[nH]c2c1,[156442234]
c1cnc2cc(CCC3CCC(n4cc(-c5cn[nH]c5)c5cncnc54)C3)ccc2c1,[166633126]
c1cc(N2CCNCC2)c2ccc(OCc3cncc(-n4ccc5cncnc54)c3)cc2n1,"[156304136, 156303947]"
c1cnc2cc(CCc3cncc(-n4cc(C5CCCO5)c5cncnc54)n3)ccc2c1,"[156304058, 156304055]"
c1cnc2cc(CCC3CCC(n4cc(C5CCCCC5)c5cncnc54)C3)ccc2c1,[166630828]
c1cc(N2CCC2)c2ccc(OCc3cncc(-n4ccc5cncnc54)c3)cc2n1,[156304140]
c1ccc2cc(CCC3CCC(n4ccc5cncnc54)C3)ccc2c1,"[156327113, 166633625]"
c1cc(-n2cc(Cc3ccc4cc(CNCC5CCC5)[nH]c4c3)nn2)c2cn[nH]c2c1,"[156461785, 156748982]"
c1cc(-c2cn(Cc3cc4[nH]c(CNCC5CCC5)cc4cn3)nn2)c2cn[nH]c2c1,[156442378]
O=C(c1ccc(OCc2cncc(-n3ccc4cncnc43)c2)cc1)N1CCNCC1,"[156304074, 156304162]"
O=C(NCc1ccc2cc(CNCC3CCC3)[nH]c2c1)c1cnc2[nH]ccc2c1,[156442185]
O=C(NCc1ccc2cc(CNC3CC3)[nH]c2c1)c1cc(=O)n2ccccc2n1,"[156748915, 156461820]"
c1ncc2ccn(C3CCC(CCc4ccc5ccc(N6CCCC6)nc5c4)O3)c2n1,[166625721]
c1cnc2cc(OCC3CCC(n4cc(C5CCCC5)c5cncnc54)O3)ccc2c1,"[156327794, 156327128, 166630025, 156327072, 156296130, 156327005, 156296084]"
c1cncc(-c2cn(Cc3ccc4cc(CNCC56CC(C5)C6)[nH]c4c3)nn2)c1,"[156461872, 156461856]"
c1cnc2cc(OCc3cncc(-n4cc(-c5ncco5)c5cncnc54)c3)ccc2c1,[156304118]
c1ncc2ccn(C3CCC(CCc4ccc5nc[nH]c5c4)C3)c2n1,[166630475]
O=C(NCC1CCCN(c2cc(NCc3ccccc3)ncn2)C1)c1ccc(CN2CCCCC2)cc1,[154815692]
O=C(NCc1ccc2cc(CNCC3CCC3)[nH]c2n1)c1cc(=O)n2ccccc2n1,[156461681]
c1cnc2cc(OCc3cncc(-c4c[nH]c5cncnc45)c3)ccc2c1,"[166039025, 156304089, 156296234, 156304139]"
O=C(Cc1cccc(N2CCC2)n1)NCc1cncc(-n2cc(-c3cc[nH]n3)c3cncnc32)c1,[156304129]
O=C(NCc1cn2cc(CNCC3CCC3)ccc2n1)c1cnc2[nH]ccc2c1,"[163239067, 163239138, 163239186]"
c1ncc2ccn(C3CCC(COc4ccc5ccc(N6CCCC6)nc5c4)C3)c2n1,[166627210]
c1cc(COc2ccc3ccc(N4CCCC4)nc3c2)cc(-n2ccc3cncnc32)c1,[156303972]
c1cnc2cc(CCC3CCC(n4ccc5cncnc54)C3)cnc2c1,[166628365]
c1cnc2cc(OCC3CCC(n4cc(-c5c[nH]cn5)c5cncnc54)O3)ccc2c1,"[166632188, 156327045, 156327117]"
O=C1NC2(CCN(c3ccncn3)CC2)CN1c1ccc(CN2CCCCC2)cc1,[156596352]
c1cncc(-c2cn(Cc3cn4cc(CN5CCCCC5)ccc4n3)nn2)c1,[163239191]
c1cnc2cc(OCC3CCC(n4cc(-n5cccn5)c5cncnc54)O3)ccc2c1,[156327012]
C(=CC1CCC(n2ccc3cncnc32)O1)CCCNCC12CC(C1)C2,"[163239232, 163239314, 163239224, 163239299, 163239245]"
c1ncc2c(-c3cc[nH]n3)cn(-c3cncc(CCc4ccc5ccc(N6CCC6)nc5c4)c3)c2n1,[156304097]
c1ncc2c(C3=NCCO3)cn(C3CCC(COc4ccc5ccc(N6CCC6)nc5c4)O3)c2n1,[166635480]
c1ncc2ccn(C3CCC(COc4ccc5ccc(N6CCC6)nc5c4)O3)c2n1,"[166625726, 156326986, 156327040, 166633196, 156327157, 166634009, 166636520]"
O=C(NCc1ccc2cc[nH]c2c1)c1cnc2[nH]ccc2c1,[156442187]
O=C(NCc1ccc2cc(CN3CCC3)[nH]c2c1)c1cc(=O)n2ccccc2n1,"[156748906, 156461629, 156461804, 156461724, 156461725, 156461645, 156461642, 156461660, 156461657, 156461661, 156461659, 156461627, 156461956, 156748909]"
c1ccc(CCC2CCC(n3ccc4cncnc43)C2)nc1,"[166626144, 166628131]"
c1ncc2c(-c3cc[nH]n3)cn(C3CCC(CCc4ccc5ccc(N6CCC6)nc5c4)C3)c2n1,"[156296142, 156327140]"
O=C(NCc1ccc2cc(CNCC3CC3)[nH]c2c1)c1cc(=O)n2ccccc2n1,"[156461961, 156442197, 156461948, 156461635]"
c1cc(-c2cn(Cc3ccc4cc(CNCC5CCC5)[nH]c4c3)cn2)c2cn[nH]c2c1,[156461697]
c1ncc2c(-c3cc[nH]n3)cn(C3CCC(CCc4ccc5cnc(N6CCC6)nc5c4)O3)c2n1,[166636463]
c1ncc2c(-c3cc[nH]n3)cn(C3CCC(COc4ccc5nc[nH]c5c4)O3)c2n1,"[156326964, 156327008]"
O=C(NCc1ccc2cc(CNC3CC34CCC4)[nH]c2c1)c1cc(=O)n2ccccc2n1,[156461651]
O=c1[nH]c2ccc(CCC3CCC(n4ccc5cncnc54)C3)cc2[nH]1,[156327099]
C(=CC1CCC(n2ccc3cncnc32)O1)CCCNCc1ccccc1,[163239304]
c1cnc2cc(OCc3ncc(-n4ccc5cncnc54)s3)ccc2c1,[166632950]
c1coc(-c2cn(C3CCC(COc4ccc5ccc(N6CCC6)nc5c4)O3)c3ncncc23)n1,"[156327034, 156327156]"
c1cc(-c2cn(Cc3cn4cc(CNCC5CCC5)ccc4n3)nn2)c2[nH]ncc2c1,[163239190]
c1ncc2c(-c3cc[nH]n3)cn(-c3cncc(CSc4ccc5ccc(N6CCC6)nc5c4)c3)c2n1,[156304025]
C(=CC1CCC(n2ccc3cncnc32)O1)C1COC1,[163239238]
c1ncc2c(-c3cc[nH]n3)cn(-c3cncc(COc4ccc(CN5CCOCC5)cc4)c3)c2n1,[156304156]
c1ccc2c(-c3cn(Cc4cn5cc(CNCC6CCC6)ccc5n4)nn3)cncc2c1,[155167890]
c1cc2cc(-c3cn(Cc4ccc5cc(CNCC6CCC6)[nH]c5c4)nn3)cnc2[nH]1,[156442372]
c1cnc2ccc(CCC3CCC(n4ccc5cncnc54)C3)cc2c1,"[166625929, 156327810, 166630560, 166635028]"
c1ccc(OCc2cncc(-n3cc(-c4cc[nH]n4)c4cncnc43)c2)cc1,"[156304059, 156304167, 156304163]"
O=C(NCc1cn2cc(CNCC3CCC3)ccc2n1)c1cccn2cncc12,[163239121]
c1cnc2cc(CCc3cncc(-n4cc(C5CCCC5)c5cncnc54)c3)ccc2c1,[156304034]
O=C(NCc1ccc2nc(CNCC3CCC3)[nH]c2c1)c1cc(=O)n2ccccc2n1,[156442178]
c1cnc2cc(CCc3cncc(-n4cc(C5CCCO5)c5cncnc54)c3)ccc2c1,"[156304031, 156304092, 166635474, 156304032]"
O=C1COCCN1c1ccc2ccc(OCc3cncc(-n4cc(-c5cc[nH]n5)c5cncnc54)c3)cc2n1,[156304151]
c1ccc(OCc2cncc(-n3ccc4cncnc43)c2)cc1,"[156304154, 156304169]"
O=C(c1ccc(OCc2cncc(-n3cc(-c4cc[nH]n4)c4cncnc43)c2)cc1)N1CCNCC1,[156304166]
O=c1cc[nH]c2cc(OCc3cncc(-n4ccc5cncnc54)c3)ccc12,[156303991]
c1ccc(COc2ccnc3cc(CCC4CCC(n5ccc6cncnc65)C4)ccc23)cc1,[166635216]
O=C1CN(c2ccc(CN3CCCCC3)cc2)CC2(CCN(c3ccncn3)CC2)N1,"[166627134, 156587345, 156596355, 156596353, 156587344, 156596351]"
c1cc(-c2cn(Cc3ccc4cc(CNC5CC5)[nH]c4c3)nn2)c2cn[nH]c2c1,[156442159]
c1ncc2c(C3CCCC3)cn(-c3cncc(COc4ccc5ccc(N6CCC6)nc5c4)c3)c2n1,"[156303937, 156304007, 156304019]"
O=C1CN(c2ccc(CN3CCCCC3)cc2)CC2(CCN(c3ncnc4[nH]ccc34)CC2)N1,"[156596356, 156596354]"
c1cnc2cc(OCc3cncc(-n4cc(C5CCCC5)c5cncnc54)c3)ccc2c1,"[166039044, 156304108, 156304100]"
O=C(NCc1ccc2cc(CNCC34CC(C3)C4)[nH]c2c1)c1cc(=O)n2ccsc2n1,[156442168]
O=C(NCc1cnc2cc(CNCC34CC(C3)C4)[nH]c2c1)c1cc(=O)n2ccccc2n1,"[156462038, 156748871]"
c1ncc2c(-c3cc[nH]n3)cn(C3CCC(CCc4ccc5ccc(N6CCC6)nc5c4)O3)c2n1,[156327022]
O=c1cccc(CCC2CCC(n3ccc4cncnc43)C2)[nH]1,[156327000]
c1cc(COc2ccc3cccnc3c2)cc(-n2ccc3cncnc32)c1,"[156303979, 156304115, 156304131, 166039020, 166039047, 156304086, 166039046, 156303978, 156304114, 156303997, 156304014, 166039019, 156304079, 156303990, 156304128, 166039043, 166039006, 156303967, 156303974]"
c1cc2cc(-c3cn(Cc4cn5cc(CNCC6CCC6)ccc5n4)nn3)cnc2[nH]1,[163239129]
O=C(NCc1ccc2cc(CN3CC4CC3C4)[nH]c2c1)c1cc(=O)n2ccccc2n1,[156461717]
O=C(NCc1ccc2cc(CN3CCOCC3)[nH]c2c1)c1cc(=O)n2ccccc2n1,[156461718]
c1ccc(CCNc2ncnc3c2ccn3C2CCC(CCc3ccc4[nH]ncc4c3)C2)cc1,[156326950]
c1ncc2ccn(C3CCC(CCc4ccc5[nH]ncc5c4)C3)c2n1,[166628698]
c1ncc2ccn(C3CCC(CCc4ccc5[nH]ccc5c4)C3)c2n1,[166626352]
O=S(Cc1cncc(-n2cc(-c3cc[nH]n3)c3cncnc32)c1)c1ccc2ccc(N3CCC3)nc2c1,[156303940]
c1cnc2cc(OCC3CCC(n4cc(-c5cn[nH]c5)c5cncnc54)O3)ccc2c1,[156326991]
c1ncc2c(C3CCCO3)cn(-c3cncc(COc4ccc5ccc(N6CCC6)nc5c4)c3)c2n1,"[156304052, 156304160, 156304161]"
O=c1cc[nH]c2cc(OCc3cncc(-n4cc(C5CCCC5)c5cncnc54)c3)ccc12,[156304101]
c1ccc(OCC2CCC(n3ccc4cncnc43)O2)cc1,[166636006]
c1ncc2c(-c3cc[nH]n3)cn(-c3cncc(COc4ccc5c(c4)NCCO5)c3)c2n1,[156304119]
c1cnn(-c2cn(C3CCC(CCc4ccc5scnc5c4)O3)c3ncncc23)c1,[166626166]
C(=CC1CCC(n2ccc3cncnc32)O1)CCCN1CCOCC1,[163239227]
c1cnc2cc(OCc3cncc(-n4cc(-c5cc[nH]n5)c5cncnc54)c3)ccc2c1,"[156303946, 156304037, 156304155, 156304082, 156304112, 156731597, 156731613, 156304120, 156304096, 156304042]"
O=C(NCc1cc2[nH]c(CN3CCC4(CCC4)C3)cc2cn1)c1cc(=O)n2ccccc2n1,[156442357]
c1cc(N2CCC(CNc3ccc(CN4CCCCC4)nc3)CC2)ncn1,[166627825]
O=C(NCc1cn2cc(CNCC3CCC3)ccc2n1)c1cnc2[nH]ccc2n1,[163239141]
c1cc(CCc2ccc3ncccc3c2)cc(-n2ccc3cncnc32)c1,[166039029]
c1ncc2ccn(C3CCC(COc4ccc5ccc(NC6CCC6)nc5c4)O3)c2n1,[156326944]
O=C(c1ccc(OCC2CCC(n3ccc4cncnc43)O2)cc1)N1CCNCC1,[166632521]
c1cc(-c2cn(Cc3ccc4cc(CNCC5CCC5)[nH]c4c3)nn2)c2cncn2c1,"[156442194, 156442186]"
c1cnc2cc(OCc3cncc(-n4ccc5cncnc54)n3)ccc2c1,"[156304078, 156303989, 156303985]"
c1ncc2c(-c3cc[nH]n3)cn(C3CCC(COc4ccc5cnc(NC6CCC6)nc5c4)O3)c2n1,"[166630023, 166626424]"
O=C(NCc1ccc2cc(CN3CCCC3)[nH]c2c1)c1cc(=O)n2ccccc2n1,"[156461719, 156461835, 156461702]"
c1cnc2cc(OCC3CCC(n4ccc5cnccc54)O3)ccc2c1,[156326995]
c1cnc2cc(OCc3cncc(-n4cc(CC5CC5)c5cncnc54)c3)ccc2c1,"[156303999, 166039010]"
c1ncc2ccn(-c3cncc(COc4ccc5ccc(N6CCCC6)nc5c4)c3)c2n1,"[156304017, 156304048]"
c1nc(Cn2cc(C3CCCC4NNCC43)nn2)cc2[nH]c(CNCC3CCC3)cc12,[168489994]
O=C(NCc1cn2cc(CNCC34CC(C3)C4)ccc2n1)c1cc(=O)n2ccsc2n1,[163239154]
c1ncc2c(-c3cc[nH]n3)cn(C3CCC(COc4ccc5ccc(NC6CNC6)nc5c4)O3)c2n1,[156327154]
c1ncc2ccn(C3CCC(c4ccc5cc(CNCC67CC(C6)C7)[nH]c5c4)C3)c2n1,"[171665616, 163239333, 163239308]"
c1cc(-c2cn(Cc3ccc4cc(CNCC56CC(C5)C6)[nH]c4c3)nn2)c2cncn2c1,[156442354]
O=C(NCc1cc2[nH]c(CNCC34CC(C3)C4)cc2cn1)c1cc(=O)n2ccccc2n1,"[156461864, 156748847, 164884911]"
c1cnc2cc(CCC3CCC(n4cc(C5CCOC5)c5cncnc54)C3)ccc2c1,"[156327096, 156327032]"
c1ncc2c(-c3cc[nH]n3)cn(C3CCC(COc4ccc5ocnc5c4)O3)c2n1,"[164570053, 166636244]"
c1ncc2ccn(C3CCC(CCc4ccc5scnc5c4)C3)c2n1,[166632843]
c1cc2cc(CNC3CCCC3)[nH]c2cc1Cn1cc(C2CCCC3NNCC32)nn1,"[168489990, 168489991]"
c1cc2cc(CNCC3CCC3)[nH]c2cc1Cn1cc(C2CCCC3CNNC32)nn1,[168489995]
C1=C(c2cn(C3CCC(COc4ccc5cccnc5c4)O3)c3ncncc23)CCNC1,[166631555]
c1cnc(-c2cn(Cc3cn4cc(CNCC56CC(C5)C6)ccc4n3)nn2)cn1,[163239133]
O=C(NCc1ccc2cc(CN3CCCCC3)[nH]c2c1)c1cc(=O)n2ccccc2n1,"[156442363, 156461946, 156461940]"
c1cc2cc(CN3CC4(CCC4)C3)[nH]c2cc1Cn1cc(C2CCCC3NNCC32)nn1,[168489998]
O=C(NCc1cn2cc(CNCC3CCCCC3)ccc2n1)c1ccnc2[nH]ncc12,[163239047]
c1cnc2cc(OCc3cncc(-n4cc(C5CCCO5)c5cncnc54)c3)ccc2c1,"[156304039, 156304122, 156304152, 156304146, 156304056, 156304144, 156304111, 156304153, 166633993, 156303956, 156304148, 156304149]"
c1ncc2c(-c3cc[nH]n3)cn(C3CCC(COc4ccc5ccc(C6CCC6)nc5c4)O3)c2n1,[156327135]
c1cnc2cc(OCc3cncc(-n4cc(-c5ccn[nH]5)c5cncnc54)c3)ccc2c1,[156304176]
c1ncc2c(-c3cc[nH]n3)cn(-c3cncc(COc4ccc5cnc(N6CCC6)nc5c4)c3)c2n1,[156304174]
c1cc(-c2cn(Cc3cn4cc(CNCC5CCC5)ccc4n3)nn2)c2cncn2c1,"[163239127, 163239115, 163239103, 163239071]"
c1cnc2cc(COC3CCC(n4ccc5cncnc54)C3)ccc2c1,[156327127]
c1cnc2cc(CCC3CCC(n4ccc5cncnc54)O3)ccc2c1,[166634231]
c1cc2cc(-c3cn(Cc4cn5cc(CNCC6CCC6)ccc5n4)cn3)cnc2[nH]1,[163239044]
c1ccc(CCNc2ncnc3c2ccn3C2CCC(COc3ccc4cccnc4c3)O2)cc1,[166628120]
c1cc2nc(Cn3cc(-c4cncc(N5CCOCC5)c4)nn3)cn2cc1CNCC12CC(C1)C2,"[163239159, 163239146]"
c1cncc(-c2cn(Cc3ccc4cc(CNCC5CCC5)[nH]c4c3)nn2)c1,"[156442211, 156442368, 156442365, 156442158]"
c1cnc2cc(OCc3cncc(-n4cc(C5CCCO5)c5cncnc54)c3)cnc2c1,"[156304064, 156304070]"
c1c[nH]c(-c2ccc3ccc(OCC4CCC(n5ccc6cncnc65)O4)cc3n2)n1,[166628364]
c1cnc2cc(OCC3CCC(n4cc(-c5ncco5)c5cncnc54)O3)ccc2c1,[156326963]
O=C(NCc1ccc2cc(CNCc3ccccc3)[nH]c2c1)c1cc(=O)n2ccccc2n1,[156461954]
O=C(NCc1cn2ccccc2n1)c1cc(=O)n2ccccc2c1,[163239156]
c1cnc2cc(CCC3CCC(n4cc(-n5cccn5)c5cncnc54)C3)ccc2c1,[156327009]
C(=CC1CCC(n2ccc3cncnc32)O1)CC1CNC1,[163239323]
c1cc(N2CCNCC2)c2ccc(OCc3cncc(-n4cc(C5CCCO5)c5cncnc54)c3)cc2n1,"[156304041, 156304040]"
c1ncc2ccn(C3CCC(CCC4CCNCC4)O3)c2n1,[166626182]
c1ncc2ccn(C3CCC(CCc4ccc5nccn5c4)C3)c2n1,[166631862]
O=C(c1ccc(OCc2cncc(-n3cc(C4CCCO4)c4cncnc43)c2)cc1)N1CCNCC1,[156304124]
O=C(NCc1cnc2cc(CNCC3CCC3)[nH]c2c1)c1cc(=O)n2ccccc2n1,[156461672]
c1coc(-c2ccc(OCc3cncc(-n4cc(-c5cc[nH]n5)c5cncnc54)c3)cc2)n1,[156304157]
C(=CC1CCC(n2cc(-c3ccn[nH]3)c3cncnc32)O1)CCCNCC12CC(C1)C2,[163239329]
c1ncc2c(C3CCCO3)cn(-c3cncc(COc4ccc5ccc(N6CCC6)nc5c4)n3)c2n1,"[156304147, 156304036]"
O=C(NCc1ccc2cc(CNCC34CC(C3)C4)[nH]c2c1)c1cc(=O)n2ccccc2n1,"[156748977, 156748880, 156461964, 156461806, 156748905, 156748890, 156748966]"
O=C(NCc1cn2ccccc2n1)c1nccc2[nH]ncc12,[155167584]
c1cnc(-c2cn(C3CCC(COc4ccc5ccc(N6CCC6)nc5c4)O3)c3ncncc23)cn1,[166627439]
c1ncc2ccn(C3CCC(c4ccc(CN5CCCCC5)cc4)C3)c2n1,[171400803]
c1coc(-c2cn(-c3cncc(COc4ccc5cccnc5c4)c3)c3ncncc23)c1,"[156731623, 166629085]"
c1cnc2cc(NCC3CCC(n4ccc5cncnc54)C3)ccc2c1,"[166631301, 166631337]"
c1ccc(CCCCNCCNc2ccnc3cc(OCc4cncc(-n5ccc6cncnc65)c4)ccc23)cc1,[156304099]
c1cnc2cc(CCc3cncc(-n4cc(-c5cc[nH]n5)c5cncnc54)c3)ccc2c1,"[156304135, 156731600, 156304094, 156296281, 156304018, 156304088]"
c1ncc2c(-c3cc[nH]n3)cn(-c3cncc(COc4ccc5ccc(N6CC7(COC7)C6)nc5c4)c3)c2n1,[156731594]
c1ncc2c(-c3cc[nH]n3)cn(-c3cncc(COc4ccc5ccc(N6CCC6)nc5c4)c3)c2n1,"[156304061, 156304158, 156304063, 156304159, 156304071]"
O=C(NCc1cncc(-n2cc(-c3cc[nH]n3)c3cncnc32)c1)Nc1cccc(N2CCC2)n1,[156296258]
c1ncc2c(-c3cc[nH]n3)cn(-c3cncc(COc4ccc5ccc(N6CC7(CCC7)C6)nc5c4)c3)c2n1,[156731570]
c1ccc(CCCNCCNc2ccnc3cc(OCc4cncc(-n5ccc6cncnc65)c4)ccc23)cc1,[156304132]
c1cnc2cc(OCc3cncc(-n4ccc5cncnc54)c3)ccc2c1,"[156304045, 166039051, 156303987, 156304150, 166039048, 156304024, 166039016, 166039036, 156304110, 166039018, 156304080, 156304107, 166039038, 156304104]"
c1cc(COc2ccc3cccnc3c2)cc(-n2cc(C3CCCC3)c3cncnc32)c1,[156304013]
c1cnc2cc(CCc3cncc(-n4cc(-c5cc[nH]n5)c5cncnc54)c3)cnc2c1,[156304030]
c1ncc2c(-c3cc[nH]n3)cn(-c3cncc(COc4ccc5ccc(N6CCOCC6)nc5c4)c3)c2n1,[156304067]
c1cc(N2CCOCC2)c2ccc(OCc3cncc(-n4cc(C5CCCO5)c5cncnc54)c3)cc2n1,"[156304060, 156304164]"
c1cc(NC2CC2)c2ccc(OCc3cncc(-n4cc(C5CCCO5)c5cncnc54)n3)cc2n1,[156304033]
O=C(NC1CCOCC1)c1ccc(OCc2cncc(-n3cc(-c4cc[nH]n4)c4cncnc43)c2)cc1,[156304044]
c1ncc2c(-c3cc[nH]n3)cn(-c3cncc(COc4ccc5ccc(N6CC7(CC7)C6)nc5c4)c3)c2n1,[156304069]
O=C1CN(c2ccc3ccc(OCc4cncc(-n5cc(-c6cc[nH]n6)c6cncnc65)c4)cc3n2)C1,[156304168]
O=C1CCCN1c1ccc2ccc(OCc3cncc(-n4cc(-c5cc[nH]n5)c5cncnc54)c3)cc2n1,[156304145]
c1ncc2c(C3CCCO3)cn(-c3cncc(CCc4ccc5ccc(N6CCC6)nc5c4)c3)c2n1,[156303961]
c1cc(COc2ccc3ccc(NCC4CC4)nc3c2)cc(-n2ccc3cncnc32)c1,[156304117]
c1ncc2c(-c3cc[nH]n3)cn(-c3cncc(COc4ccc5ccc(C6CCOCC6)nc5c4)c3)c2n1,[156304043]
O=C1CCN1c1ccc2ccc(OCc3cncc(-n4cc(-c5cc[nH]n5)c5cncnc54)c3)cc2n1,[156304047]
c1cnc2cc(OCc3cncc(-n4cc(C5CCCCC5)c5cncnc54)c3)ccc2c1,[156304051]
c1cnc2cc(OCc3cc(-n4ccc5cncnc54)ncn3)ccc2c1,[156303975]
c1cc(COc2ccc3cccnc3c2)nc(-n2ccc3cncnc32)c1,[156304011]
O=C(c1ccc(OCc2cncc(-n3cc(-c4cc[nH]n4)c4cncnc43)c2)cc1)N1CCOCC1,[156304165]
c1cc(NC2CC2)c2ccc(OCc3cncc(-n4cc(-c5cc[nH]n5)c5cncnc54)c3)cc2n1,[156304021]
c1ncc2c(C3CCCO3)cn(-c3cncc(COc4cnc5ccc(N6CCC6)nc5c4)c3)c2n1,[156304066]
c1cc(N2CCCC2)c2ccc(OCc3cncc(-n4ccc5cncnc54)c3)cc2n1,[156304141]
c1ncc2c(-c3cc[nH]n3)cn(-c3cncc(COc4ccc5ccc(N6CCNCC6)nc5c4)c3)c2n1,[156304068]
c1cc(OCc2cncc(-n3cc(C4CCCO4)c4cncnc43)c2)c2ccc(N3CCC3)nc2c1,[156304054]
O=C(c1ccc(OCc2cncc(-n3cc(-c4cc[nH]n4)c4cncnc43)c2)cc1)N1CCCCC1,[156304173]
c1cc(N2CCCCC2)c2ccc(OCc3cncc(-n4ccc5cncnc54)c3)cc2n1,[156303994]
O=C(NCC1CC1)c1ccc(OCc2cncc(-n3cc(-c4cc[nH]n4)c4cncnc43)c2)cc1,[156304084]
c1cc(N2CCOCC2)c2ccc(OCc3cncc(-n4ccc5cncnc54)c3)cc2n1,[156304137]
O=C(NCc1ccc2cc(CN3CC4CC(C4)C3)[nH]c2c1)c1cc(=O)n2ccccc2n1,[166060835]
O=C(NCc1ccc2cc(CNCC3CCCC3)[nH]c2c1)c1cc(=O)n2ccccc2n1,"[156461953, 156461781]"
O=C(NCc1ccc2cc(CNC34CC(C3)C4)[nH]c2c1)c1cc(=O)n2ccccc2n1,[156461966]
O=C(NCc1ccc2cc(CNC3CCC3)[nH]c2c1)c1cc(=O)n2ccccc2n1,[156748936]
O=C(NCc1ccc2cc(CN3CC4CCC3CC4)[nH]c2c1)c1cc(=O)n2ccccc2n1,[156461818]
O=C(NCc1ccc2cc(CNCC3CCCCC3)[nH]c2c1)c1cc(=O)n2ccccc2n1,"[156461950, 156461947]"
O=C(NCc1ccc2cc(CNC3CCCCC3)[nH]c2c1)c1cc(=O)n2ccccc2n1,[156461636]
O=C(NCc1ccc2cc(CNCC3CCO3)[nH]c2c1)c1cc(=O)n2ccccc2n1,[156461633]
c1cc2cc(CNCC3CC3)[nH]c2cc1Cn1cc(C2CCCC3NNCC32)nn1,[168489992]
c1cc2cc(CNCC3CCC3)[nH]c2cc1Cn1cc(C2CCCC3NNCC32)nn1,[168489993]
O=C(NCc1ccc2cc(CN3CC4(CCC4)C3)[nH]c2c1)c1cc(=O)n2ccccc2n1,"[166060832, 166060827, 156748956]"
O=C(NCc1ccc2cc(CN3CC4CC4C3)[nH]c2c1)c1cc(=O)n2ccccc2n1,[156461621]
O=C(NCc1ccc2cc(CNCC#CC3CC3)[nH]c2c1)c1cc(=O)n2ccccc2n1,[156461620]
O=C(NCc1ccc2cc(CNC3C4CCCC43)[nH]c2c1)c1cc(=O)n2ccccc2n1,[156748980]
O=C(NCc1ccc2cc(CNCC34CCC(C3)C4)[nH]c2c1)c1cc(=O)n2ccccc2n1,[156461805]
O=C(NCc1ccc2cc(CN3CC4(CCCC4)C3)[nH]c2c1)c1cc(=O)n2ccccc2n1,[156461726]
O=C(NCc1ccc2cc(CN3CC4(CCCCC4)C3)[nH]c2c1)c1cc(=O)n2ccccc2n1,[156461628]
O=C(NCc1ccc2cc(CCN3CC4(CCC4)C3)[nH]c2c1)c1cc(=O)n2ccccc2n1,[166060833]
O=C(NCc1ccc2cc(CN3CC(C4CCC4)C3)[nH]c2c1)c1cc(=O)n2ccccc2n1,[156461967]
O=C(NCc1ccc2cc(CN3CC(C4CC4)C3)[nH]c2c1)c1cc(=O)n2ccccc2n1,[156748844]
O=C(NCc1ccc2cc(CN3CCC4(CCC4)C3)[nH]c2c1)c1cc(=O)n2ccccc2n1,[156461670]
O=C(NCc1ccc2cc(CN3CC4CCCC4C3)[nH]c2c1)c1cc(=O)n2ccccc2n1,[156461837]
O=C(NCc1ccc2cc(CNCC3CC4(CC4)C3)[nH]c2c1)c1cc(=O)n2ccccc2n1,[156748991]
O=C(NCc1ccc2cc(CN3CCC4(CC4)C3)[nH]c2c1)c1cc(=O)n2ccccc2n1,[166060830]
O=C(NCc1ccc2cc(CN3CCC4(CCCC4)C3)[nH]c2c1)c1cc(=O)n2ccccc2n1,[156461722]
O=C(NCc1ccc2cc(CN3CCC4(CCO4)C3)[nH]c2c1)c1cc(=O)n2ccccc2n1,[156461720]
O=C(NCc1ccc2cc(CNCC3CC34CC4)[nH]c2c1)c1cc(=O)n2ccccc2n1,[156748981]
O=C(NCc1ccc2cc(CN3CC4CCC3C4)[nH]c2c1)c1cc(=O)n2ccccc2n1,[156461663]
c1cc(-c2cn(Cc3cc4[nH]c(CNCC56CC(C5)C6)cc4cn3)nn2)c2cncn2c1,[156442382]
c1cncc(-c2cn(Cc3ccc4cc(CN5CCC6(CCC6)C5)[nH]c4c3)nn2)c1,[156461873]
c1cc(-c2cn(Cc3ccc4cc(CNC5CCCC5)[nH]c4c3)nn2)c2cn[nH]c2c1,"[156461637, 156461639]"
O=C(NCc1ccc2cc(CNCC3CC4CCC3O4)[nH]c2c1)c1cc(=O)n2ccccc2n1,[166635206]
c1cc(-c2cn(Cc3ccc4cc(CNCC5CCC5)[nH]c4c3)nn2)c2[nH]ncc2c1,[156461687]
c1cc(-n2cc(Cc3ccc4cc(CNCC5CCC5)[nH]c4c3)nn2)c2cncn2c1,[166636540]
c1cc(-c2cn(Cc3ccc4cc(CNCC5CC5)[nH]c4c3)nn2)c2cn[nH]c2c1,[156461638]
C(=CC1CCC(n2ccc3cncnc32)O1)CCNCc1ccccc1,[171400790]
C(=CC1CCC(n2ccc3cncnc32)O1)C1CCNCC1,[163239321]
C(=CC1CCC(n2ccc3cncnc32)O1)C1CCCNC1,[163239348]
C(=CC1CCC(n2ccc3cncnc32)O1)C1CCNC1,[163239335]
C(=CC1CCC(n2ccc3cncnc32)O1)CCCN1CCCCC1,"[163239292, 163239246, 163239334]"
c1ncc2ccn(C3CCC(c4ccc(CNCC56CC(C5)C6)cc4)C3)c2n1,[163239228]
c1cc(CCNCC23CC(C2)C3)cc(C2CCC(n3ccc4cncnc43)C2)c1,[163239249]
c1cc(CN2CCC3(CCC3)C2)cc(C2CCC(n3ccc4cncnc43)C2)c1,[163239352]
c1cc(CNCC23CC(C2)C3)cc(C2CCC(n3ccc4cncnc43)C2)c1,[163239344]
c1cnc2cc(OCC3CCC(n4cc(C5CC5)c5cncnc54)O3)ccc2c1,[166626015]
c1cnc2cc(OCC3CCC(n4cc(C5CCCO5)c5cncnc54)O3)ccc2c1,"[166626031, 156326966]"
c1cnc2cc(OCC3CCC(n4cc(-c5ccn(C6CCC6)n5)c5cncnc54)O3)ccc2c1,[166626089]
c1cc(NCC2CC2)c2ccc(OCC3CCC(n4cc(-c5cc[nH]n5)c5cncnc54)O3)cc2n1,"[156326998, 166628254]"
c1cnc2cc(OCC3CCC(n4ccc5cncnc54)O3)ccc2c1,"[166626353, 156326994, 166627257, 156327125, 166627952, 156296131, 156326999, 166629410, 166630986, 156327051, 156327115, 156327124, 166636264, 166636424]"
c1ncc2c(C3CCCO3)cn(C3CCC(COc4ccc5ccc(N6CCC6)nc5c4)O3)c2n1,[166627194]
c1ncc2c(-c3cc[nH]n3)cn(C3CCC(COc4ccc5cnc(NC6CC6)nc5c4)O3)c2n1,[156327141]
c1cnc2ccc(OCC3CCC(n4ccc5cncnc54)O3)cc2c1,[166629202]
c1cnc2cc(OCC3CCC(n4cc(C5CCNCC5)c5cncnc54)O3)ccc2c1,[156327090]
c1ncc2ccn(C3CCC(COc4ccc5ccc(NCC6CC6)nc5c4)O3)c2n1,[166630753]
c1cnc2cc(OCC3CCC(n4cc(CC5CCCC5)c5cncnc54)O3)ccc2c1,[166630927]
c1cnc2cc(OCC3CCC(n4cc(C5CCCCC5)c5cncnc54)O3)ccc2c1,"[156327097, 156327791]"
c1ncc2c(-c3cc[nH]n3)cn(C3CCC(COc4ccc5sc(N6CCC6)nc5c4)O3)c2n1,[156326973]
c1cnc2cc(OCC3CCC(n4cc(-c5ccn(C6COC6)n5)c5cncnc54)O3)ccc2c1,[164570047]
c1ncc2c(C3CCCC3)cn(C3CCC(COc4ccc5ccc(N6CCC6)nc5c4)O3)c2n1,[166631854]
c1ncc2c(-c3cc[nH]n3)cn(C3CCC(COc4ccc5ccc(NC6CCC6)nc5c4)O3)c2n1,"[156327043, 156327144]"
c1cc(N2CCOCC2)c2ccc(OCC3CCC(n4cc(-c5cc[nH]n5)c5cncnc54)O3)cc2n1,[166633069]
c1ncc2ccn(C3CCC(COc4ccc5ccc(C6CC6)nc5c4)O3)c2n1,[156327068]
c1cnc2cc(CCC3CCC(n4cc(C5CCCC5)c5cncnc54)C3)ccc2c1,"[156327030, 166634784, 166634869]"
c1ccc(-c2cn(C3CCC(COc4ccc5cccnc5c4)O3)c3ncncc23)cc1,[156327013]
c1ccc(Nc2ccc3ccc(CCC4CCC(n5ccc6cncnc65)C4)cc3n2)cc1,[156327077]
c1ncc2ccn(C3CCC(CCc4ccc5cn[nH]c5c4)C3)c2n1,[156327805]
c1ncc2ccn(C3CCC(COc4ccc5ccc(N6CCOCC6)nc5c4)O3)c2n1,[166634698]
O=C(Nc1cccc(CCC2CCC(n3ccc4cncnc43)C2)c1)C1CC1,[166634878]
c1cc(NC2CC2)c2ccc(OCC3CCC(n4cc(-c5cc[nH]n5)c5cncnc54)O3)cc2n1,[156327002]
c1ncc2c(-c3cc[nH]n3)cn(C3CCC(COc4ccc5ncc(N6CCC6)nc5c4)O3)c2n1,[156327037]
c1ncc2ccn(C3CCC(CCc4ccc5cc[nH]c5c4)C3)c2n1,[166635457]
c1ccc(CCC2CCC(n3ccc4cncnc43)C2)cc1,[156327105]
c1cc(OCC2CC2)c2ccc(CCC3CCC(n4ccc5cncnc54)C3)cc2n1,[166636119]
c1cnc2cc(CCC3CCC(n4cc(C5CCOCC5)c5cncnc54)C3)ccc2c1,[166636259]
c1cc(N2CCC(CNc3ccc(CN4CCCCC4)cc3)CC2)ncn1,[166634161]
O=C1CN(c2ccc(CN3CCCCC3)cc2)CC2(CCN(c3cc(NCc4ccccc4)ncn3)CC2)N1,[156596350]
O=C1CN(c2ccc(CN3CCCCC3)cc2)CC2(CN(c3ccncn3)C2)N1,[166132582]
c1cc(-c2cn(Cc3cn4cc(CNCC56CC(C5)C6)ccc4n3)nn2)c2cncn2c1,[163239107]
c1cncc(-c2cn(Cc3cn4cc(CN5CCC6(CCC6)C5)ccc4n3)nn2)c1,"[163239151, 163239058]"
c1cncc(-c2cn(Cc3cn4cc(CNCC56CC(C5)C6)ccc4n3)nn2)c1,"[163239102, 163239162]"
